seed,index,seasonIndex,age,teamId,teamName,leagueTier,contractKind,squadRoleAtStart,squadRoleAtEnd,finalRank,apps,started,minutes,possibleMinutes,goals,assists,avgRatingTenths,injuries,ovrBefore,ovrAfter,formAfter,fitnessAfter,moraleAfter,managerTrustAfter,wageMinorPerWeek,promiseFulfilled,captaincyAtEnd
jev-pilot-20260920:GK:0,0,1,19,hwaseong-gukhwa-fc,화성 국화 FC,2,PERMANENT,STARTER,STARTER,1,27,22,1880,2430,,,68,1,65,66,50,80,60,47,1000000,true,NONE
jev-pilot-20260920:GK:0,0,2,20,hwaseong-gukhwa-fc,화성 국화 FC,2,PERMANENT,RESERVE,RESERVE,3,30,0,0,2700,,,,0,66,66,50,80,60,55,1000000,true,NONE
jev-pilot-20260920:GK:0,0,3,21,hwaseong-gukhwa-fc,화성 국화 FC,2,PERMANENT,RESERVE,RESERVE,3,29,0,0,2610,,,,0,66,66,50,80,60,57,800000,true,NONE
jev-pilot-20260920:GK:0,0,4,22,yeongwol-donggang-fc,영월 동강 FC,3,LOAN,STARTER,RESERVE,3,31,19,1600,2790,,,68,3,66,67,50,80,60,45,550000,false,NONE
jev-pilot-20260920:GK:0,0,5,23,hwaseong-gukhwa-fc,화성 국화 FC,2,PERMANENT,ROTATION,STARTER,1,27,21,1870,2430,,,68,2,67,68,50,80,60,48,800000,true,NONE
jev-pilot-20260920:GK:0,0,6,24,hwaseong-gukhwa-fc,화성 국화 FC,2,PERMANENT,STARTER,RESERVE,3,30,27,2250,2700,,,69,2,68,68,50,80,60,53,1200000,true,NONE
jev-pilot-20260920:GK:0,0,7,25,hwaseong-gukhwa-fc,화성 국화 FC,2,PERMANENT,STARTER,STARTER,1,27,22,1860,2430,,,68,0,68,68,50,80,60,55,1200000,true,NONE
jev-pilot-20260920:GK:0,0,8,26,hwaseong-gukhwa-fc,화성 국화 FC,2,PERMANENT,STARTER,STARTER,1,27,25,2060,2430,,,62,0,68,68,50,80,60,60,1200000,true,NONE
jev-pilot-20260920:GK:0,0,9,27,hwaseong-gukhwa-fc,화성 국화 FC,2,PERMANENT,STARTER,STARTER,1,28,27,2230,2520,,,68,0,68,68,50,80,60,65,1200000,true,NONE
jev-pilot-20260920:GK:0,0,10,28,hwaseong-gukhwa-fc,화성 국화 FC,2,PERMANENT,STARTER,RESERVE,3,27,17,1400,2430,,,69,3,68,68,50,80,60,69,1200000,false,NONE
jev-pilot-20260920:DF:1,1,1,19,cheongju-jikji-fc,청주 직지 FC,2,PERMANENT,ROTATION,ROTATION,3,27,4,590,2430,,,60,1,62,64,50,80,60,48,700000,false,NONE
jev-pilot-20260920:DF:1,1,2,20,cheongju-jikji-fc,청주 직지 FC,2,PERMANENT,ROTATION,ROTATION,3,29,0,405,2610,,,59,0,64,65,50,80,60,47,700000,false,NONE
jev-pilot-20260920:DF:1,1,3,21,cheongju-jikji-fc,청주 직지 FC,2,PERMANENT,ROTATION,STARTER,2,28,26,2240,2520,,,68,1,65,68,50,80,60,54,700000,true,NONE
jev-pilot-20260920:DF:1,1,4,22,cheongju-jikji-fc,청주 직지 FC,2,PERMANENT,ROTATION,ROTATION,3,27,0,225,2430,,,60,1,68,69,50,80,60,58,700000,false,NONE
jev-pilot-20260920:DF:1,1,5,23,cheongju-jikji-fc,청주 직지 FC,2,PERMANENT,ROTATION,RESERVE,3,27,0,155,2430,,,61,2,69,69,50,80,60,63,800000,false,NONE
jev-pilot-20260920:DF:1,1,6,24,cheongju-jikji-fc,청주 직지 FC,2,PERMANENT,STARTER,STARTER,2,30,10,830,2700,,,69,2,69,70,50,80,60,74,800000,false,NONE
jev-pilot-20260920:DF:1,1,7,25,cheongju-jikji-fc,청주 직지 FC,2,PERMANENT,STARTER,STARTER,2,28,26,2220,2520,,,66,1,70,70,50,80,60,79,1200000,true,NONE
jev-pilot-20260920:DF:1,1,8,26,bucheon-wonmi-fc,부천 원미 FC,2,PERMANENT,STARTER,RESERVE,3,29,7,550,2610,,,76,2,70,71,50,80,60,45,1000000,false,NONE
jev-pilot-20260920:DF:1,1,9,27,bucheon-wonmi-fc,부천 원미 FC,2,PERMANENT,STARTER,RESERVE,3,29,9,740,2610,,,69,3,71,71,50,80,60,55,800000,false,NONE
jev-pilot-20260920:DF:1,1,10,28,bucheon-wonmi-fc,부천 원미 FC,2,PERMANENT,STARTER,STARTER,1,28,13,1130,2520,,,74,1,71,70,50,80,60,62,800000,false,NONE
jev-pilot-20260920:MF:2,2,1,19,cheonan-heungtaryeong-fc,천안 흥타령 FC,2,PERMANENT,RESERVE,STARTER,3,30,20,1660,2700,,0,63,3,62,64,50,80,60,49,700000,true,NONE
jev-pilot-20260920:MF:2,2,2,20,cheonan-heungtaryeong-fc,천안 흥타령 FC,2,PERMANENT,STARTER,STARTER,2,28,15,1260,2520,,4,67,3,64,66,50,80,60,57,700000,false,NONE
jev-pilot-20260920:MF:2,2,3,21,cheonan-heungtaryeong-fc,천안 흥타령 FC,2,PERMANENT,STARTER,RESERVE,3,27,4,340,2430,,2,67,2,66,68,50,80,60,56,700000,false,NONE
jev-pilot-20260920:MF:2,2,4,22,cheonan-heungtaryeong-fc,천안 흥타령 FC,2,PERMANENT,STARTER,STARTER,3,28,19,1570,2520,,5,66,0,68,69,50,80,60,61,800000,false,NONE
jev-pilot-20260920:MF:2,2,5,23,cheonan-heungtaryeong-fc,천안 흥타령 FC,2,PERMANENT,STARTER,RESERVE,3,29,22,1780,2610,,6,66,1,69,70,50,80,60,65,800000,true,NONE
jev-pilot-20260920:MF:2,2,6,24,cheonan-heungtaryeong-fc,천안 흥타령 FC,2,PERMANENT,STARTER,STARTER,3,30,20,1660,2700,,6,65,2,70,71,50,80,60,67,1200000,false,NONE
jev-pilot-20260920:MF:2,2,7,25,cheonan-heungtaryeong-fc,천안 흥타령 FC,2,PERMANENT,STARTER,STARTER,1,27,11,850,2430,,2,65,1,71,72,50,80,60,73,1200000,false,NONE
jev-pilot-20260920:MF:2,2,8,26,cheonan-heungtaryeong-fc,천안 흥타령 FC,2,PERMANENT,STARTER,RESERVE,3,27,21,1770,2430,,3,66,1,72,72,50,80,60,78,800000,true,NONE
jev-pilot-20260920:MF:2,2,9,27,cheonan-heungtaryeong-fc,천안 흥타령 FC,2,PERMANENT,STARTER,RESERVE,3,30,4,350,2700,,2,63,1,72,72,50,80,60,80,800000,false,NONE
jev-pilot-20260920:MF:2,2,10,28,cheonan-heungtaryeong-fc,천안 흥타령 FC,2,PERMANENT,STARTER,STARTER,2,30,21,1710,2700,,5,65,2,72,73,50,80,60,57,800000,false,NONE
jev-pilot-20260920:FW:3,3,1,19,gimcheon-hwangak-fc,김천 황악 FC,2,PERMANENT,RESERVE,RESERVE,3,30,0,0,2700,0,0,,0,60,60,50,80,60,45,700000,true,NONE
jev-pilot-20260920:FW:3,3,2,20,yeongwol-donggang-fc,영월 동강 FC,3,LOAN,STARTER,RESERVE,3,32,19,1570,2880,5,3,66,3,60,62,50,80,60,45,400000,false,NONE
jev-pilot-20260920:FW:3,3,3,21,gimcheon-hwangak-fc,김천 황악 FC,2,PERMANENT,RESERVE,RESERVE,3,28,0,0,2520,0,0,,0,62,62,50,80,60,45,700000,true,NONE
jev-pilot-20260920:FW:3,3,4,22,yeongwol-donggang-fc,영월 동강 FC,3,PERMANENT,STARTER,STARTER,1,31,23,1970,2790,6,3,65,3,62,63,50,80,60,40,400000,true,NONE
jev-pilot-20260920:FW:3,3,5,23,yeongwol-donggang-fc,영월 동강 FC,3,PERMANENT,STARTER,STARTER,1,33,30,2530,2970,5,3,65,2,63,65,50,80,60,55,320000,true,NONE
jev-pilot-20260920:FW:3,3,6,24,yeongwol-donggang-fc,영월 동강 FC,3,PERMANENT,ROTATION,RESERVE,3,31,0,125,2790,0,0,61,3,65,65,50,80,60,55,320000,false,NONE
jev-pilot-20260920:FW:3,3,7,25,yeongwol-donggang-fc,영월 동강 FC,3,PERMANENT,STARTER,STARTER,1,33,26,2180,2970,8,6,67,1,65,65,50,80,60,55,440000,true,NONE
jev-pilot-20260920:FW:3,3,8,26,yeongwol-donggang-fc,영월 동강 FC,3,PERMANENT,STARTER,STARTER,1,33,32,2630,2970,7,2,63,0,65,65,50,80,60,57,440000,true,NONE
jev-pilot-20260920:FW:3,3,9,27,yeongwol-donggang-fc,영월 동강 FC,3,PERMANENT,STARTER,RESERVE,3,32,23,1950,2880,3,3,64,3,65,65,50,80,60,59,660000,true,NONE
jev-pilot-20260920:FW:3,3,10,28,yeongwol-donggang-fc,영월 동강 FC,3,PERMANENT,STARTER,STARTER,1,31,25,2040,2790,6,2,64,0,65,65,50,80,60,52,660000,true,NONE
jev-pilot-20260920:GK:4,4,1,19,yeongwol-donggang-fc,영월 동강 FC,3,PERMANENT,RESERVE,RESERVE,3,31,0,0,2790,,,,0,63,63,50,80,60,45,400000,true,NONE
jev-pilot-20260920:GK:4,4,2,20,boeun-songni-fc,보은 속리 FC,3,PERMANENT,STARTER,RESERVE,3,33,0,0,2970,,,,0,63,63,50,80,60,45,400000,false,NONE
jev-pilot-20260920:GK:4,4,3,21,boeun-songni-fc,보은 속리 FC,3,PERMANENT,STARTER,STARTER,1,34,25,2080,3060,,,66,2,63,64,50,80,60,50,320000,true,NONE
jev-pilot-20260920:GK:4,4,4,22,boeun-songni-fc,보은 속리 FC,3,PERMANENT,STARTER,STARTER,1,31,31,2560,2790,,,65,0,64,64,50,80,60,52,480000,true,NONE
jev-pilot-20260920:GK:4,4,5,23,boeun-songni-fc,보은 속리 FC,3,PERMANENT,STARTER,STARTER,1,31,15,1210,2790,,,69,1,64,64,50,80,60,52,480000,false,NONE
jev-pilot-20260920:GK:4,4,6,24,boeun-songni-fc,보은 속리 FC,3,PERMANENT,STARTER,RESERVE,3,32,27,2160,2880,,,69,2,64,64,50,80,60,57,320000,true,NONE
jev-pilot-20260920:GK:4,4,7,25,boeun-songni-fc,보은 속리 FC,3,PERMANENT,STARTER,STARTER,1,33,27,2200,2970,,,70,0,64,64,50,80,60,59,320000,true,NONE
jev-pilot-20260920:GK:4,4,8,26,boeun-songni-fc,보은 속리 FC,3,PERMANENT,STARTER,STARTER,1,33,33,2820,2970,,,66,0,64,64,50,80,60,61,480000,true,NONE
jev-pilot-20260920:GK:4,4,9,27,boeun-songni-fc,보은 속리 FC,3,PERMANENT,STARTER,STARTER,1,32,31,2590,2880,,,72,1,64,64,50,80,60,52,480000,true,NONE
jev-pilot-20260920:GK:4,4,10,28,boeun-songni-fc,보은 속리 FC,3,PERMANENT,STARTER,STARTER,1,31,30,2460,2790,,,67,2,64,64,50,80,60,54,480000,true,NONE
jev-pilot-20260920:DF:5,5,1,19,asan-oncheon-fc,아산 온천 FC,2,PERMANENT,STARTER,RESERVE,3,29,0,0,2610,,,,0,59,60,50,80,60,42,700000,false,NONE
jev-pilot-20260920:DF:5,5,2,20,asan-oncheon-fc,아산 온천 FC,2,PERMANENT,STARTER,RESERVE,3,28,0,0,2520,,,,0,60,63,50,80,60,47,560000,false,NONE
jev-pilot-20260920:DF:5,5,3,21,asan-oncheon-fc,아산 온천 FC,2,PERMANENT,STARTER,STARTER,1,27,7,580,2430,,,70,2,63,65,50,80,60,52,560000,false,NONE
jev-pilot-20260920:DF:5,5,4,22,asan-oncheon-fc,아산 온천 FC,2,PERMANENT,ROTATION,STARTER,2,30,19,1510,2700,,,68,1,65,66,50,80,60,55,560000,true,NONE
jev-pilot-20260920:DF:5,5,5,23,asan-oncheon-fc,아산 온천 FC,2,PERMANENT,STARTER,RESERVE,3,29,26,2210,2610,,,66,1,66,68,50,80,60,55,560000,true,NONE
jev-pilot-20260920:DF:5,5,6,24,asan-oncheon-fc,아산 온천 FC,2,PERMANENT,STARTER,STARTER,1,30,13,1100,2700,,,69,2,68,69,50,80,60,57,1200000,false,NONE
jev-pilot-20260920:DF:5,5,7,25,asan-oncheon-fc,아산 온천 FC,2,PERMANENT,STARTER,RESERVE,3,27,25,2140,2430,,,66,1,69,71,50,80,60,51,1200000,true,NONE
jev-pilot-20260920:DF:5,5,8,26,asan-oncheon-fc,아산 온천 FC,2,PERMANENT,STARTER,STARTER,1,27,13,1130,2430,,,60,2,71,71,50,80,60,56,1200000,false,NONE
jev-pilot-20260920:DF:5,5,9,27,asan-oncheon-fc,아산 온천 FC,2,PERMANENT,STARTER,RESERVE,3,27,18,1480,2430,,,69,2,71,72,50,80,60,52,1200000,false,NONE
jev-pilot-20260920:DF:5,5,10,28,asan-oncheon-fc,아산 온천 FC,2,PERMANENT,STARTER,STARTER,1,27,12,1060,2430,,,66,1,72,72,50,80,60,59,800000,false,NONE
jev-pilot-20260920:MF:6,6,1,19,seoul-namsan-fc,서울 남산 FC,2,PERMANENT,STARTER,STARTER,1,28,23,1960,2520,,4,64,2,55,58,50,80,60,50,700000,true,NONE
jev-pilot-20260920:MF:6,6,2,20,seoul-namsan-fc,서울 남산 FC,2,PERMANENT,STARTER,STARTER,1,30,29,2460,2700,,5,65,0,58,60,50,80,60,55,700000,true,NONE
jev-pilot-20260920:MF:6,6,3,21,seoul-namsan-fc,서울 남산 FC,2,PERMANENT,RESERVE,RESERVE,3,28,0,0,2520,,0,,0,60,60,50,80,60,55,840000,true,NONE
jev-pilot-20260920:MF:6,6,4,22,seoul-namsan-fc,서울 남산 FC,2,PERMANENT,RESERVE,RESERVE,3,27,0,0,2430,,0,,0,60,60,50,80,60,52,840000,true,NONE
jev-pilot-20260920:MF:6,6,5,23,seoul-namsan-fc,서울 남산 FC,2,PERMANENT,ROTATION,ROTATION,2,27,0,340,2430,,0,61,0,60,61,50,80,60,58,560000,false,NONE
jev-pilot-20260920:MF:6,6,6,24,seoul-namsan-fc,서울 남산 FC,2,PERMANENT,STARTER,RESERVE,3,27,20,1670,2430,,4,64,1,61,62,50,80,60,63,700000,true,NONE
jev-pilot-20260920:MF:6,6,7,25,seoul-namsan-fc,서울 남산 FC,2,PERMANENT,STARTER,STARTER,1,28,5,420,2520,,1,66,2,62,62,50,80,60,70,700000,false,NONE
jev-pilot-20260920:MF:6,6,8,26,seoul-namsan-fc,서울 남산 FC,2,PERMANENT,ROTATION,STARTER,1,28,28,2400,2520,,2,64,0,62,63,50,80,60,55,560000,true,NONE
jev-pilot-20260920:MF:6,6,9,27,seoul-namsan-fc,서울 남산 FC,2,PERMANENT,STARTER,RESERVE,3,28,6,460,2520,,0,68,3,63,63,50,80,60,63,560000,false,NONE
jev-pilot-20260920:MF:6,6,10,28,seoul-namsan-fc,서울 남산 FC,2,PERMANENT,ROTATION,RESERVE,3,27,7,560,2430,,0,65,3,63,63,50,80,60,68,560000,false,NONE
jev-pilot-20260920:FW:7,7,1,19,yeoncheon-hantangang-fc,연천 한탄강 FC,3,PERMANENT,STARTER,STARTER,2,32,31,2600,2880,11,4,67,1,58,62,50,80,60,45,400000,true,NONE
jev-pilot-20260920:FW:7,7,2,20,yeoncheon-hantangang-fc,연천 한탄강 FC,3,PERMANENT,STARTER,STARTER,2,31,30,2450,2790,4,6,64,0,62,66,50,80,60,51,400000,true,NONE
jev-pilot-20260920:FW:7,7,3,21,yeoncheon-hantangang-fc,연천 한탄강 FC,3,PERMANENT,ROTATION,ROTATION,3,32,0,425,2880,3,1,63,0,66,68,50,80,60,56,480000,false,NONE
jev-pilot-20260920:FW:7,7,4,22,yeoncheon-hantangang-fc,연천 한탄강 FC,3,PERMANENT,STARTER,RESERVE,3,31,23,1920,2790,7,3,65,3,68,70,50,80,60,63,480000,true,NONE
jev-pilot-20260920:FW:7,7,5,23,yeoncheon-hantangang-fc,연천 한탄강 FC,3,PERMANENT,STARTER,STARTER,1,32,25,2150,2880,7,5,67,3,70,72,50,80,60,57,660000,true,NONE
jev-pilot-20260920:FW:7,7,6,24,yeoncheon-hantangang-fc,연천 한탄강 FC,3,PERMANENT,STARTER,STARTER,1,31,29,2460,2790,15,8,68,0,72,73,50,80,60,59,660000,true,NONE
jev-pilot-20260920:FW:7,7,7,25,yeoncheon-hantangang-fc,연천 한탄강 FC,3,PERMANENT,STARTER,STARTER,1,31,24,2000,2790,9,2,66,2,73,74,50,80,60,67,660000,true,NONE
jev-pilot-20260920:FW:7,7,8,26,yeoncheon-hantangang-fc,연천 한탄강 FC,3,PERMANENT,STARTER,STARTER,1,31,24,1940,2790,6,1,66,1,74,75,50,80,60,71,660000,true,NONE
jev-pilot-20260920:FW:7,7,9,27,yeoncheon-hantangang-fc,연천 한탄강 FC,3,PERMANENT,STARTER,STARTER,1,32,24,2020,2880,7,3,65,3,75,75,50,80,60,76,660000,true,NONE
jev-pilot-20260920:FW:7,7,10,28,yeoncheon-hantangang-fc,연천 한탄강 FC,3,PERMANENT,STARTER,STARTER,1,32,30,2510,2880,13,6,67,2,75,76,50,80,60,52,660000,true,NONE
jev-pilot-20260920:GK:8,8,1,19,yeongwol-donggang-fc,영월 동강 FC,3,PERMANENT,RESERVE,RESERVE,3,34,0,0,3060,,,,0,62,63,50,80,60,48,400000,true,NONE
jev-pilot-20260920:GK:8,8,2,20,yeongwol-donggang-fc,영월 동강 FC,3,PERMANENT,ROTATION,RESERVE,3,33,0,0,2970,,,,0,63,64,50,80,60,53,400000,false,NONE
jev-pilot-20260920:GK:8,8,3,21,yeongwol-donggang-fc,영월 동강 FC,3,PERMANENT,ROTATION,ROTATION,2,32,0,355,2880,,,61,0,64,66,50,80,60,58,320000,false,NONE
jev-pilot-20260920:GK:8,8,4,22,yeongwol-donggang-fc,영월 동강 FC,3,PERMANENT,RESERVE,RESERVE,3,34,0,0,3060,,,,0,66,66,50,80,60,55,400000,true,NONE
jev-pilot-20260920:GK:8,8,5,23,yeongwol-donggang-fc,영월 동강 FC,3,PERMANENT,ROTATION,RESERVE,3,31,0,230,2790,,,61,3,66,67,50,80,60,56,400000,false,NONE
jev-pilot-20260920:GK:8,8,6,24,yeongwol-donggang-fc,영월 동강 FC,3,PERMANENT,ROTATION,RESERVE,3,31,0,140,2790,,,60,1,67,68,50,80,60,58,550000,false,NONE
jev-pilot-20260920:GK:8,8,7,25,yeongwol-donggang-fc,영월 동강 FC,3,PERMANENT,STARTER,STARTER,1,31,9,770,2790,,,66,2,68,69,50,80,60,47,550000,false,NONE
jev-pilot-20260920:GK:8,8,8,26,yeongwol-donggang-fc,영월 동강 FC,3,PERMANENT,STARTER,RESERVE,3,32,18,1470,2880,,,70,2,69,69,50,80,60,46,660000,false,NONE
jev-pilot-20260920:GK:8,8,9,27,yeongwol-donggang-fc,영월 동강 FC,3,PERMANENT,STARTER,RESERVE,3,33,11,850,2970,,,72,5,69,70,50,80,60,48,660000,false,NONE
jev-pilot-20260920:GK:8,8,10,28,yeongwol-donggang-fc,영월 동강 FC,3,PERMANENT,STARTER,STARTER,1,32,9,810,2880,,,69,3,70,70,50,80,60,55,440000,false,NONE
jev-pilot-20260920:DF:9,9,1,19,yeongwol-donggang-fc,영월 동강 FC,3,PERMANENT,STARTER,RESERVE,3,31,0,0,2790,,,,0,63,64,50,80,60,42,400000,false,NONE
jev-pilot-20260920:DF:9,9,2,20,boeun-songni-fc,보은 속리 FC,3,PERMANENT,STARTER,RESERVE,3,31,0,0,2790,,,,0,64,65,50,80,60,45,400000,false,NONE
jev-pilot-20260920:DF:9,9,3,21,boeun-songni-fc,보은 속리 FC,3,PERMANENT,STARTER,RESERVE,3,34,27,2270,3060,,,69,1,65,69,50,80,60,55,440000,true,NONE
jev-pilot-20260920:DF:9,9,4,22,boeun-songni-fc,보은 속리 FC,3,PERMANENT,STARTER,RESERVE,3,31,21,1770,2790,,,66,2,69,70,50,80,60,57,660000,false,NONE
jev-pilot-20260920:DF:9,9,5,23,boeun-songni-fc,보은 속리 FC,3,PERMANENT,STARTER,RESERVE,3,31,12,1000,2790,,,64,6,70,70,50,80,60,44,660000,false,NONE
jev-pilot-20260920:DF:9,9,6,24,boeun-songni-fc,보은 속리 FC,3,PERMANENT,STARTER,STARTER,1,31,8,680,2790,,,64,1,70,71,50,80,60,49,440000,false,NONE
jev-pilot-20260920:DF:9,9,7,25,boeun-songni-fc,보은 속리 FC,3,PERMANENT,STARTER,RESERVE,3,33,12,1070,2970,,,71,2,71,71,50,80,60,51,440000,false,NONE
jev-pilot-20260920:DF:9,9,8,26,boeun-songni-fc,보은 속리 FC,3,PERMANENT,STARTER,STARTER,1,31,15,1290,2790,,,62,3,71,71,50,80,60,56,440000,false,NONE
jev-pilot-20260920:DF:9,9,9,27,pohang-donghae-fc,포항 동해 FC,1,PERMANENT,STARTER,RESERVE,3,24,19,1530,2160,,,69,1,71,72,50,80,60,45,2000000,true,NONE
jev-pilot-20260920:DF:9,9,10,28,pohang-donghae-fc,포항 동해 FC,1,PERMANENT,STARTER,RESERVE,3,26,6,450,2340,,,65,2,72,71,50,80,60,47,2400000,false,NONE
jev-pilot-20260920:MF:10,10,1,19,gimcheon-hwangak-fc,김천 황악 FC,2,PERMANENT,STARTER,STARTER,3,30,21,1700,2700,,4,65,2,62,62,50,80,60,46,700000,false,NONE
jev-pilot-20260920:MF:10,10,2,20,asan-oncheon-fc,아산 온천 FC,2,PERMANENT,STARTER,STARTER,1,27,27,2290,2430,,6,67,0,62,64,50,80,60,38,700000,true,NONE
jev-pilot-20260920:MF:10,10,3,21,asan-oncheon-fc,아산 온천 FC,2,PERMANENT,STARTER,STARTER,1,28,27,2260,2520,,5,65,0,64,64,50,80,60,40,700000,true,NONE
jev-pilot-20260920:MF:10,10,4,22,asan-oncheon-fc,아산 온천 FC,2,PERMANENT,STARTER,STARTER,1,27,27,2160,2430,,2,65,0,64,64,50,80,60,44,700000,true,NONE
jev-pilot-20260920:MF:10,10,5,23,asan-oncheon-fc,아산 온천 FC,2,PERMANENT,STARTER,RESERVE,3,29,10,840,2610,,3,66,3,64,64,50,80,60,48,840000,false,NONE
jev-pilot-20260920:MF:10,10,6,24,asan-oncheon-fc,아산 온천 FC,2,PERMANENT,STARTER,STARTER,1,28,18,1530,2520,,2,64,0,64,64,50,80,60,52,840000,false,NONE
jev-pilot-20260920:MF:10,10,7,25,asan-oncheon-fc,아산 온천 FC,2,PERMANENT,STARTER,STARTER,2,29,29,2430,2610,,2,63,0,64,64,50,80,60,52,840000,true,NONE
jev-pilot-20260920:MF:10,10,8,26,asan-oncheon-fc,아산 온천 FC,2,PERMANENT,STARTER,RESERVE,3,30,26,2120,2700,,1,63,1,64,64,50,80,60,54,840000,true,NONE
jev-pilot-20260920:MF:10,10,9,27,asan-oncheon-fc,아산 온천 FC,2,PERMANENT,STARTER,RESERVE,3,28,21,1670,2520,,2,63,0,64,64,50,80,60,52,840000,true,NONE
jev-pilot-20260920:MF:10,10,10,28,asan-oncheon-fc,아산 온천 FC,2,PERMANENT,STARTER,RESERVE,3,29,5,440,2610,,1,68,2,64,64,50,80,60,52,840000,false,NONE
jev-pilot-20260920:FW:11,11,1,19,gwangyang-maehwa-fc,광양 매화 FC,2,PERMANENT,ROTATION,RESERVE,3,29,0,0,2610,0,0,,0,60,61,50,80,60,42,700000,false,NONE
jev-pilot-20260920:FW:11,11,2,20,yeongwol-donggang-fc,영월 동강 FC,3,PERMANENT,STARTER,RESERVE,3,33,0,0,2970,0,0,,0,61,64,50,80,60,45,400000,false,NONE
jev-pilot-20260920:FW:11,11,3,21,boeun-songni-fc,보은 속리 FC,3,PERMANENT,STARTER,STARTER,1,32,30,2500,2880,9,8,67,1,64,67,50,80,60,50,400000,true,NONE
jev-pilot-20260920:FW:11,11,4,22,boeun-songni-fc,보은 속리 FC,3,PERMANENT,STARTER,RESERVE,3,32,23,1940,2880,8,3,66,1,67,69,50,80,60,52,480000,true,NONE
jev-pilot-20260920:FW:11,11,5,23,boeun-songni-fc,보은 속리 FC,3,PERMANENT,RESERVE,RESERVE,3,33,0,0,2970,0,0,,0,69,69,50,80,60,55,480000,true,NONE
jev-pilot-20260920:FW:11,11,6,24,boeun-songni-fc,보은 속리 FC,3,PERMANENT,RESERVE,RESERVE,3,34,0,0,3060,0,0,,0,69,70,50,80,60,57,440000,true,NONE
jev-pilot-20260920:FW:11,11,7,25,boeun-songni-fc,보은 속리 FC,3,PERMANENT,STARTER,STARTER,1,34,32,2660,3060,12,2,65,1,70,71,50,80,60,55,440000,true,NONE
jev-pilot-20260920:FW:11,11,8,26,boeun-songni-fc,보은 속리 FC,3,PERMANENT,STARTER,RESERVE,3,31,19,1600,2790,5,3,65,2,71,72,50,80,60,52,660000,false,NONE
jev-pilot-20260920:FW:11,11,9,27,boeun-songni-fc,보은 속리 FC,3,PERMANENT,STARTER,STARTER,1,32,4,340,2880,1,2,70,1,72,72,50,80,60,46,660000,false,NONE
jev-pilot-20260920:FW:11,11,10,28,boeun-songni-fc,보은 속리 FC,3,PERMANENT,STARTER,STARTER,1,32,32,2610,2880,11,8,67,0,72,72,50,80,60,51,440000,true,NONE
jev-pilot-20260920:GK:12,12,1,19,hwaseong-gukhwa-fc,화성 국화 FC,2,PERMANENT,ROTATION,ROTATION,2,28,0,305,2520,,,59,1,64,64,50,80,60,40,700000,false,NONE
jev-pilot-20260920:GK:12,12,2,20,hwaseong-gukhwa-fc,화성 국화 FC,2,PERMANENT,RESERVE,RESERVE,3,30,0,0,2700,,,,0,64,64,50,80,60,42,560000,true,NONE
jev-pilot-20260920:GK:12,12,3,21,hwaseong-gukhwa-fc,화성 국화 FC,2,PERMANENT,STARTER,STARTER,1,30,30,2390,2700,,,67,0,64,65,50,80,60,55,560000,true,NONE
jev-pilot-20260920:GK:12,12,4,22,hwaseong-gukhwa-fc,화성 국화 FC,2,PERMANENT,STARTER,RESERVE,3,28,26,2150,2520,,,68,1,65,65,50,80,60,54,840000,true,NONE
jev-pilot-20260920:GK:12,12,5,23,hwaseong-gukhwa-fc,화성 국화 FC,2,PERMANENT,ROTATION,ROTATION,2,28,0,430,2520,,,61,1,65,65,50,80,60,55,840000,false,NONE
jev-pilot-20260920:GK:12,12,6,24,hwaseong-gukhwa-fc,화성 국화 FC,2,PERMANENT,ROTATION,ROTATION,2,27,0,220,2430,,,63,2,65,65,50,80,60,57,1000000,false,NONE
jev-pilot-20260920:GK:12,12,7,25,anyang-pyeongchon-fc,안양 평촌 FC,2,PERMANENT,RESERVE,RESERVE,3,29,0,0,2610,,,,0,65,65,50,80,60,45,1000000,true,NONE
jev-pilot-20260920:GK:12,12,8,26,anyang-pyeongchon-fc,안양 평촌 FC,2,PERMANENT,ROTATION,ROTATION,2,30,0,375,2700,,,61,0,65,65,50,80,60,46,1000000,false,NONE
jev-pilot-20260920:GK:12,12,9,27,anyang-pyeongchon-fc,안양 평촌 FC,2,PERMANENT,STARTER,STARTER,1,28,26,2110,2520,,,71,2,65,65,50,80,60,58,1000000,true,NONE
jev-pilot-20260920:GK:12,12,10,28,anyang-pyeongchon-fc,안양 평촌 FC,2,PERMANENT,STARTER,STARTER,1,29,22,1890,2610,,,71,2,65,65,50,80,60,57,1000000,true,NONE
jev-pilot-20260920:DF:13,13,1,19,cheonan-heungtaryeong-fc,천안 흥타령 FC,2,PERMANENT,ROTATION,ROTATION,3,30,0,385,2700,,,61,0,62,63,50,80,60,45,700000,false,NONE
jev-pilot-20260920:DF:13,13,2,20,cheonan-heungtaryeong-fc,천안 흥타령 FC,2,PERMANENT,ROTATION,ROTATION,3,29,0,360,2610,,,61,2,63,65,50,80,60,42,700000,false,NONE
jev-pilot-20260920:DF:13,13,3,21,cheonan-heungtaryeong-fc,천안 흥타령 FC,2,PERMANENT,ROTATION,ROTATION,3,27,0,295,2430,,,58,1,65,66,50,80,60,41,700000,false,NONE
jev-pilot-20260920:DF:13,13,4,22,cheonan-heungtaryeong-fc,천안 흥타령 FC,2,PERMANENT,ROTATION,ROTATION,3,27,0,165,2430,,,63,2,66,66,50,80,60,40,1000000,false,NONE
jev-pilot-20260920:DF:13,13,5,23,cheonan-heungtaryeong-fc,천안 흥타령 FC,2,PERMANENT,STARTER,RESERVE,3,27,20,1720,2430,,,67,3,66,67,50,80,60,55,1000000,true,NONE
jev-pilot-20260920:DF:13,13,6,24,cheonan-heungtaryeong-fc,천안 흥타령 FC,2,PERMANENT,STARTER,STARTER,2,30,20,1660,2700,,,70,4,67,67,50,80,60,55,1200000,false,NONE
jev-pilot-20260920:DF:13,13,7,25,gangneung-haesol-fc,강릉 해솔 FC,1,PERMANENT,STARTER,STARTER,2,25,17,1480,2250,,,70,4,67,68,50,80,60,40,2000000,true,NONE
jev-pilot-20260920:DF:13,13,8,26,gangneung-haesol-fc,강릉 해솔 FC,1,PERMANENT,STARTER,STARTER,1,24,4,360,2160,,,69,2,68,68,50,80,60,42,2400000,false,NONE
jev-pilot-20260920:DF:13,13,9,27,asan-oncheon-fc,아산 온천 FC,2,PERMANENT,STARTER,STARTER,1,30,17,1430,2700,,,69,4,68,68,50,80,60,45,1000000,false,NONE
jev-pilot-20260920:DF:13,13,10,28,asan-oncheon-fc,아산 온천 FC,2,PERMANENT,STARTER,STARTER,2,28,27,2330,2520,,,72,0,68,68,50,80,60,44,1000000,true,NONE
jev-pilot-20260920:MF:14,14,1,19,anyang-pyeongchon-fc,안양 평촌 FC,2,PERMANENT,STARTER,STARTER,3,30,15,1240,2700,,1,65,3,62,65,50,80,60,52,700000,false,NONE
jev-pilot-20260920:MF:14,14,2,20,anyang-pyeongchon-fc,안양 평촌 FC,2,PERMANENT,STARTER,STARTER,2,28,13,1080,2520,,2,65,3,65,67,50,80,60,52,560000,false,NONE
jev-pilot-20260920:MF:14,14,3,21,anyang-pyeongchon-fc,안양 평촌 FC,2,PERMANENT,STARTER,RESERVE,3,29,8,610,2610,,1,63,2,67,69,50,80,60,57,560000,false,NONE
jev-pilot-20260920:MF:14,14,4,22,anyang-pyeongchon-fc,안양 평촌 FC,2,PERMANENT,STARTER,RESERVE,3,29,6,520,2610,,0,65,3,69,70,50,80,60,59,1200000,false,NONE
jev-pilot-20260920:MF:14,14,5,23,seongnam-tancheon-fc,성남 탄천 FC,2,LOAN,STARTER,RESERVE,3,30,11,980,2700,,3,68,3,70,71,50,80,60,45,1000000,false,NONE
jev-pilot-20260920:MF:14,14,6,24,yongin-hanteo-fc,용인 한터 FC,2,PERMANENT,STARTER,STARTER,1,29,24,2000,2610,,0,64,0,71,72,50,80,60,45,1000000,true,NONE
jev-pilot-20260920:MF:14,14,7,25,yongin-hanteo-fc,용인 한터 FC,2,PERMANENT,STARTER,STARTER,1,28,27,2250,2520,,6,65,0,72,74,50,80,60,51,1000000,true,NONE
jev-pilot-20260920:MF:14,14,8,26,yongin-hanteo-fc,용인 한터 FC,2,PERMANENT,STARTER,STARTER,1,29,29,2390,2610,,4,66,0,74,75,50,80,60,53,1200000,true,NONE
jev-pilot-20260920:MF:14,14,9,27,yongin-hanteo-fc,용인 한터 FC,2,PERMANENT,STARTER,RESERVE,3,28,12,1000,2520,,1,65,4,75,76,50,80,60,57,1200000,false,NONE
jev-pilot-20260920:MF:14,14,10,28,yongin-hanteo-fc,용인 한터 FC,2,PERMANENT,STARTER,STARTER,1,28,27,2210,2520,,8,65,0,76,77,50,80,60,58,800000,true,NONE
jev-pilot-20260920:FW:15,15,1,19,changwon-jinhae-fc,창원 진해 FC,2,PERMANENT,STARTER,STARTER,1,27,21,1800,2430,3,2,65,2,63,66,50,80,60,51,700000,true,NONE
jev-pilot-20260920:FW:15,15,2,20,changwon-jinhae-fc,창원 진해 FC,2,PERMANENT,STARTER,RESERVE,3,30,10,840,2700,4,4,69,5,66,68,50,80,60,55,700000,false,NONE
jev-pilot-20260920:FW:15,15,3,21,changwon-jinhae-fc,창원 진해 FC,2,PERMANENT,STARTER,STARTER,1,29,27,2330,2610,5,2,64,0,68,71,50,80,60,52,700000,true,NONE
jev-pilot-20260920:FW:15,15,4,22,changwon-jinhae-fc,창원 진해 FC,2,PERMANENT,STARTER,STARTER,1,28,26,2090,2520,3,3,62,1,71,72,50,80,60,54,1200000,true,NONE
jev-pilot-20260920:FW:15,15,5,23,changwon-jinhae-fc,창원 진해 FC,2,PERMANENT,STARTER,STARTER,1,28,12,1030,2520,3,1,63,2,72,73,50,80,60,58,1200000,false,NONE
jev-pilot-20260920:FW:15,15,6,24,changwon-jinhae-fc,창원 진해 FC,2,PERMANENT,STARTER,RESERVE,3,28,18,1450,2520,8,3,66,3,73,74,50,80,60,63,800000,false,NONE
jev-pilot-20260920:FW:15,15,7,25,changwon-jinhae-fc,창원 진해 FC,2,PERMANENT,STARTER,RESERVE,3,27,9,730,2430,1,1,63,3,74,74,50,80,60,67,800000,false,NONE
jev-pilot-20260920:FW:15,15,8,26,changwon-jinhae-fc,창원 진해 FC,2,PERMANENT,STARTER,RESERVE,3,28,11,880,2520,5,0,66,3,74,75,50,80,60,69,1200000,false,NONE
jev-pilot-20260920:FW:15,15,9,27,changwon-jinhae-fc,창원 진해 FC,2,PERMANENT,STARTER,STARTER,1,28,7,620,2520,0,1,63,2,75,75,50,80,60,57,1200000,false,NONE
jev-pilot-20260920:FW:15,15,10,28,changwon-jinhae-fc,창원 진해 FC,2,PERMANENT,STARTER,STARTER,1,30,30,2490,2700,10,9,67,0,75,76,50,80,60,66,800000,true,NONE
jev-pilot-20260920:GK:16,16,1,19,asan-oncheon-fc,아산 온천 FC,2,PERMANENT,RESERVE,RESERVE,3,30,0,0,2700,,,,0,61,61,50,80,60,48,700000,true,NONE
jev-pilot-20260920:GK:16,16,2,20,asan-oncheon-fc,아산 온천 FC,2,PERMANENT,ROTATION,RESERVE,3,30,19,1610,2700,,,67,3,61,61,50,80,60,49,560000,true,NONE
jev-pilot-20260920:GK:16,16,3,21,asan-oncheon-fc,아산 온천 FC,2,PERMANENT,ROTATION,RESERVE,3,27,0,155,2430,,,61,1,61,62,50,80,60,55,840000,false,NONE
jev-pilot-20260920:GK:16,16,4,22,asan-oncheon-fc,아산 온천 FC,2,PERMANENT,STARTER,STARTER,1,28,11,920,2520,,,73,1,62,62,50,80,60,55,840000,false,NONE
jev-pilot-20260920:GK:16,16,5,23,asan-oncheon-fc,아산 온천 FC,2,PERMANENT,RESERVE,RESERVE,3,30,0,0,2700,,,,0,62,62,50,80,60,56,560000,true,NONE
jev-pilot-20260920:GK:16,16,6,24,yeongwol-donggang-fc,영월 동강 FC,3,LOAN,ROTATION,ROTATION,2,31,0,365,2790,,,59,0,62,62,50,80,60,42,400000,false,NONE
jev-pilot-20260920:GK:16,16,7,25,asan-oncheon-fc,아산 온천 FC,2,PERMANENT,ROTATION,ROTATION,2,30,3,485,2700,,,65,0,62,62,50,80,60,47,560000,false,NONE
jev-pilot-20260920:GK:16,16,8,26,asan-oncheon-fc,아산 온천 FC,2,PERMANENT,ROTATION,ROTATION,2,28,0,335,2520,,,62,0,62,62,50,80,60,55,840000,false,NONE
jev-pilot-20260920:GK:16,16,9,27,asan-oncheon-fc,아산 온천 FC,2,PERMANENT,STARTER,RESERVE,3,27,23,1920,2430,,,67,2,62,62,50,80,60,60,840000,true,NONE
jev-pilot-20260920:GK:16,16,10,28,asan-oncheon-fc,아산 온천 FC,2,PERMANENT,STARTER,STARTER,1,28,6,510,2520,,,64,1,62,62,50,80,60,58,840000,false,NONE
jev-pilot-20260920:DF:17,17,1,19,yeongwol-donggang-fc,영월 동강 FC,3,PERMANENT,STARTER,STARTER,1,34,24,2060,3060,,,67,2,57,57,50,80,60,39,400000,true,NONE
jev-pilot-20260920:DF:17,17,2,20,yeongwol-donggang-fc,영월 동강 FC,3,PERMANENT,STARTER,RESERVE,3,31,6,500,2790,,,63,2,57,58,50,80,60,37,400000,false,NONE
jev-pilot-20260920:DF:17,17,3,21,yeongwol-donggang-fc,영월 동강 FC,3,PERMANENT,STARTER,RESERVE,3,32,21,1680,2880,,,68,3,58,58,50,80,60,60,320000,false,NONE
jev-pilot-20260920:DF:17,17,4,22,yeongwol-donggang-fc,영월 동강 FC,3,PERMANENT,ROTATION,RESERVE,3,31,0,100,2790,,,63,1,58,58,50,80,60,52,320000,false,NONE
jev-pilot-20260920:DF:17,17,5,23,yeongwol-donggang-fc,영월 동강 FC,3,PERMANENT,STARTER,RESERVE,3,31,22,1870,2790,,,73,0,58,58,50,80,60,55,400000,true,NONE
jev-pilot-20260920:DF:17,17,6,24,yeongwol-donggang-fc,영월 동강 FC,3,PERMANENT,STARTER,STARTER,1,32,31,2510,2880,,,69,0,58,58,50,80,60,55,400000,true,NONE
jev-pilot-20260920:DF:17,17,7,25,yeongwol-donggang-fc,영월 동강 FC,3,PERMANENT,STARTER,RESERVE,3,31,23,1910,2790,,,66,2,58,58,50,80,60,61,480000,true,NONE
jev-pilot-20260920:DF:17,17,8,26,yeongwol-donggang-fc,영월 동강 FC,3,PERMANENT,STARTER,STARTER,1,34,17,1430,3060,,,70,1,58,58,50,80,60,66,480000,false,NONE
jev-pilot-20260920:DF:17,17,9,27,yeongwol-donggang-fc,영월 동강 FC,3,PERMANENT,STARTER,RESERVE,3,32,7,580,2880,,,68,2,58,58,50,80,60,75,320000,false,NONE
jev-pilot-20260920:DF:17,17,10,28,yeongwol-donggang-fc,영월 동강 FC,3,PERMANENT,STARTER,STARTER,1,33,15,1260,2970,,,70,1,58,58,50,80,60,77,320000,false,NONE
jev-pilot-20260920:MF:18,18,1,19,yeongwol-donggang-fc,영월 동강 FC,3,PERMANENT,STARTER,RESERVE,3,31,26,2160,2790,,5,65,2,55,57,50,80,60,42,400000,true,NONE
jev-pilot-20260920:MF:18,18,2,20,yeongwol-donggang-fc,영월 동강 FC,3,PERMANENT,ROTATION,ROTATION,3,31,0,235,2790,,0,60,1,57,58,50,80,60,49,400000,false,NONE
jev-pilot-20260920:MF:18,18,3,21,yeongwol-donggang-fc,영월 동강 FC,3,PERMANENT,ROTATION,ROTATION,3,33,0,280,2970,,0,62,0,58,59,50,80,60,43,400000,false,NONE
jev-pilot-20260920:MF:18,18,4,22,yeongwol-donggang-fc,영월 동강 FC,3,PERMANENT,ROTATION,RESERVE,3,33,0,375,2970,,0,62,2,59,60,50,80,60,48,400000,false,NONE
jev-pilot-20260920:MF:18,18,5,23,yeongwol-donggang-fc,영월 동강 FC,3,PERMANENT,ROTATION,ROTATION,3,31,0,200,2790,,1,61,2,60,60,50,80,60,52,400000,false,NONE
jev-pilot-20260920:MF:18,18,6,24,yeongwol-donggang-fc,영월 동강 FC,3,PERMANENT,STARTER,RESERVE,3,33,26,2080,2970,,0,63,3,60,61,50,80,60,60,320000,true,NONE
jev-pilot-20260920:MF:18,18,7,25,yeongwol-donggang-fc,영월 동강 FC,3,PERMANENT,STARTER,STARTER,1,32,22,1830,2880,,3,66,1,61,61,50,80,60,52,320000,false,NONE
jev-pilot-20260920:MF:18,18,8,26,yeongwol-donggang-fc,영월 동강 FC,3,PERMANENT,STARTER,RESERVE,3,33,6,540,2970,,2,64,3,61,61,50,80,60,54,480000,false,VICE
jev-pilot-20260920:MF:18,18,9,27,yeongwol-donggang-fc,영월 동강 FC,3,PERMANENT,STARTER,STARTER,1,34,31,2680,3060,,3,64,0,61,61,50,80,60,51,480000,true,VICE
jev-pilot-20260920:MF:18,18,10,28,yeongwol-donggang-fc,영월 동강 FC,3,PERMANENT,STARTER,RESERVE,3,33,27,2260,2970,,7,66,2,61,61,50,80,60,56,480000,true,CAPTAIN
jev-pilot-20260920:FW:19,19,1,19,yongin-hanteo-fc,용인 한터 FC,2,PERMANENT,STARTER,RESERVE,3,28,18,1490,2520,2,0,63,3,58,62,50,80,60,41,700000,false,NONE
jev-pilot-20260920:FW:19,19,2,20,yongin-hanteo-fc,용인 한터 FC,2,PERMANENT,STARTER,STARTER,1,27,27,2220,2430,8,5,65,0,62,66,50,80,60,38,700000,true,NONE
jev-pilot-20260920:FW:19,19,3,21,yongin-hanteo-fc,용인 한터 FC,2,PERMANENT,STARTER,STARTER,1,27,27,2340,2430,7,5,65,0,66,70,50,80,60,42,700000,true,NONE
jev-pilot-20260920:FW:19,19,4,22,yongin-hanteo-fc,용인 한터 FC,2,PERMANENT,STARTER,STARTER,1,29,23,1940,2610,6,4,64,3,70,72,50,80,60,49,1200000,true,NONE
jev-pilot-20260920:FW:19,19,5,23,yongin-hanteo-fc,용인 한터 FC,2,PERMANENT,STARTER,RESERVE,3,27,26,2060,2430,8,4,66,1,72,74,50,80,60,54,1200000,true,NONE
jev-pilot-20260920:FW:19,19,6,24,yongin-hanteo-fc,용인 한터 FC,2,PERMANENT,STARTER,RESERVE,3,27,22,1800,2430,8,2,66,1,74,75,50,80,60,58,1200000,true,NONE
jev-pilot-20260920:FW:19,19,7,25,yongin-hanteo-fc,용인 한터 FC,2,PERMANENT,STARTER,STARTER,1,28,13,1070,2520,4,1,65,3,75,76,50,80,60,55,1200000,false,NONE
jev-pilot-20260920:FW:19,19,8,26,yongin-hanteo-fc,용인 한터 FC,2,PERMANENT,ROTATION,ROTATION,3,30,0,415,2700,2,2,62,0,76,76,50,80,60,55,800000,false,NONE
jev-pilot-20260920:FW:19,19,9,27,asan-oncheon-fc,아산 온천 FC,2,PERMANENT,STARTER,RESERVE,3,27,19,1630,2430,4,5,65,1,76,77,50,80,60,49,1000000,true,NONE
jev-pilot-20260920:FW:19,19,10,28,asan-oncheon-fc,아산 온천 FC,2,PERMANENT,STARTER,RESERVE,3,30,12,980,2700,3,2,65,4,77,77,50,80,60,49,1000000,false,NONE
jev-pilot-20260920:GK:20,20,1,19,seongnam-tancheon-fc,성남 탄천 FC,2,PERMANENT,RESERVE,RESERVE,3,28,0,0,2520,,,,0,62,62,50,80,60,42,700000,true,NONE
jev-pilot-20260920:GK:20,20,2,20,yeongwol-donggang-fc,영월 동강 FC,3,LOAN,ROTATION,RESERVE,3,31,0,0,2790,,,,0,62,63,50,80,60,42,400000,false,NONE
jev-pilot-20260920:GK:20,20,3,21,yeongwol-donggang-fc,영월 동강 FC,3,PERMANENT,ROTATION,ROTATION,2,31,0,325,2790,,,59,3,63,65,50,80,60,42,400000,false,NONE
jev-pilot-20260920:GK:20,20,4,22,yeongwol-donggang-fc,영월 동강 FC,3,PERMANENT,RESERVE,RESERVE,3,34,0,0,3060,,,,0,65,65,50,80,60,44,320000,true,NONE
jev-pilot-20260920:GK:20,20,5,23,boeun-songni-fc,보은 속리 FC,3,LOAN,STARTER,RESERVE,3,31,27,2240,2790,,,66,1,65,66,50,80,60,45,550000,true,NONE
jev-pilot-20260920:GK:20,20,6,24,yeongwol-donggang-fc,영월 동강 FC,3,PERMANENT,ROTATION,ROTATION,2,34,0,160,3060,,,60,2,66,66,50,80,60,45,440000,false,NONE
jev-pilot-20260920:GK:20,20,7,25,yeongwol-donggang-fc,영월 동강 FC,3,PERMANENT,RESERVE,RESERVE,3,31,0,0,2790,,,,0,66,67,50,80,60,47,440000,true,NONE
jev-pilot-20260920:GK:20,20,8,26,boeun-songni-fc,보은 속리 FC,3,LOAN,STARTER,RESERVE,3,31,18,1470,2790,,,66,3,67,67,50,80,60,45,550000,false,NONE
jev-pilot-20260920:GK:20,20,9,27,yeongwol-donggang-fc,영월 동강 FC,3,PERMANENT,ROTATION,RESERVE,3,32,0,405,2880,,,61,1,67,68,50,80,60,41,440000,false,NONE
jev-pilot-20260920:GK:20,20,10,28,yeongwol-donggang-fc,영월 동강 FC,3,PERMANENT,RESERVE,RESERVE,3,31,0,0,2790,,,,0,68,68,50,80,60,46,550000,true,NONE
jev-pilot-20260920:DF:21,21,1,19,hwaseong-gukhwa-fc,화성 국화 FC,2,PERMANENT,ROTATION,RESERVE,3,29,0,130,2610,,,63,3,60,60,50,80,60,42,700000,false,NONE
jev-pilot-20260920:DF:21,21,2,20,hwaseong-gukhwa-fc,화성 국화 FC,2,PERMANENT,ROTATION,ROTATION,3,27,0,255,2430,,,62,0,60,61,50,80,60,44,700000,false,NONE
jev-pilot-20260920:DF:21,21,3,21,hwaseong-gukhwa-fc,화성 국화 FC,2,PERMANENT,ROTATION,ROTATION,3,30,0,390,2700,,,60,1,61,61,50,80,60,48,700000,false,NONE
jev-pilot-20260920:DF:21,21,4,22,hwaseong-gukhwa-fc,화성 국화 FC,2,PERMANENT,ROTATION,RESERVE,3,29,0,235,2610,,,63,3,61,61,50,80,60,50,700000,false,NONE
jev-pilot-20260920:DF:21,21,5,23,hwaseong-gukhwa-fc,화성 국화 FC,2,PERMANENT,STARTER,STARTER,2,27,18,1450,2430,,,69,0,61,61,50,80,60,54,700000,false,NONE
jev-pilot-20260920:DF:21,21,6,24,hwaseong-gukhwa-fc,화성 국화 FC,2,PERMANENT,ROTATION,ROTATION,3,28,0,295,2520,,,61,1,61,61,50,80,60,56,840000,false,NONE
jev-pilot-20260920:DF:21,21,7,25,hwaseong-gukhwa-fc,화성 국화 FC,2,PERMANENT,STARTER,RESERVE,3,28,6,510,2520,,,69,2,61,61,50,80,60,61,840000,false,NONE
jev-pilot-20260920:DF:21,21,8,26,hwaseong-gukhwa-fc,화성 국화 FC,2,PERMANENT,STARTER,STARTER,2,28,15,1260,2520,,,69,2,61,61,50,80,60,66,560000,false,NONE
jev-pilot-20260920:DF:21,21,9,27,hwaseong-gukhwa-fc,화성 국화 FC,2,PERMANENT,STARTER,STARTER,1,27,17,1410,2430,,,69,2,61,61,50,80,60,68,560000,false,NONE
jev-pilot-20260920:DF:21,21,10,28,hwaseong-gukhwa-fc,화성 국화 FC,2,PERMANENT,STARTER,STARTER,2,30,27,2230,2700,,,64,0,61,61,50,80,60,67,840000,true,VICE
jev-pilot-20260920:MF:22,22,1,19,ansan-gaetgol-fc,안산 갯골 FC,2,PERMANENT,ROTATION,RESERVE,3,30,0,0,2700,,0,,0,58,58,50,80,60,42,700000,false,NONE
jev-pilot-20260920:MF:22,22,2,20,ansan-gaetgol-fc,안산 갯골 FC,2,PERMANENT,STARTER,RESERVE,3,30,0,0,2700,,0,,0,58,59,50,80,60,47,700000,false,NONE
jev-pilot-20260920:MF:22,22,3,21,ansan-gaetgol-fc,안산 갯골 FC,2,PERMANENT,STARTER,STARTER,1,30,22,1790,2700,,2,65,1,59,61,50,80,60,54,700000,true,NONE
jev-pilot-20260920:MF:22,22,4,22,ansan-gaetgol-fc,안산 갯골 FC,2,PERMANENT,STARTER,RESERVE,3,30,22,1790,2700,,4,65,2,61,62,50,80,60,59,560000,true,NONE
jev-pilot-20260920:MF:22,22,5,23,ansan-gaetgol-fc,안산 갯골 FC,2,PERMANENT,STARTER,STARTER,1,28,11,920,2520,,1,63,1,62,62,50,80,60,64,560000,false,NONE
jev-pilot-20260920:MF:22,22,6,24,ansan-gaetgol-fc,안산 갯골 FC,2,PERMANENT,ROTATION,ROTATION,3,28,0,370,2520,,2,60,0,62,62,50,80,60,57,560000,false,NONE
jev-pilot-20260920:MF:22,22,7,25,ansan-gaetgol-fc,안산 갯골 FC,2,PERMANENT,ROTATION,ROTATION,3,29,0,310,2610,,0,60,0,62,63,50,80,60,59,560000,false,NONE
jev-pilot-20260920:MF:22,22,8,26,ansan-gaetgol-fc,안산 갯골 FC,2,PERMANENT,STARTER,STARTER,2,27,27,2220,2430,,3,64,0,63,63,50,80,60,64,700000,true,NONE
jev-pilot-20260920:MF:22,22,9,27,ansan-gaetgol-fc,안산 갯골 FC,2,PERMANENT,ROTATION,ROTATION,3,30,0,395,2700,,0,61,0,63,63,50,80,60,69,700000,false,NONE
jev-pilot-20260920:MF:22,22,10,28,ansan-gaetgol-fc,안산 갯골 FC,2,PERMANENT,STARTER,STARTER,1,29,29,2430,2610,,7,65,0,63,63,50,80,60,55,700000,true,NONE
jev-pilot-20260920:FW:23,23,1,19,yeongwol-donggang-fc,영월 동강 FC,3,PERMANENT,STARTER,STARTER,1,31,27,2180,2790,6,2,63,2,61,65,50,80,60,42,400000,true,NONE
jev-pilot-20260920:FW:23,23,2,20,yeongwol-donggang-fc,영월 동강 FC,3,PERMANENT,STARTER,RESERVE,3,31,25,2180,2790,3,0,64,1,65,69,50,80,60,54,400000,true,NONE
jev-pilot-20260920:FW:23,23,3,21,yeongwol-donggang-fc,영월 동강 FC,3,PERMANENT,STARTER,RESERVE,3,32,23,1910,2880,8,3,67,2,69,71,50,80,60,48,400000,true,NONE
jev-pilot-20260920:FW:23,23,4,22,yeongwol-donggang-fc,영월 동강 FC,3,PERMANENT,STARTER,STARTER,1,31,13,1070,2790,7,3,68,1,71,72,50,80,60,52,660000,false,NONE
jev-pilot-20260920:FW:23,23,5,23,yeongwol-donggang-fc,영월 동강 FC,3,PERMANENT,STARTER,STARTER,1,31,31,2680,2790,10,5,67,0,72,74,50,80,60,46,660000,true,NONE
jev-pilot-20260920:FW:23,23,6,24,yeongwol-donggang-fc,영월 동강 FC,3,PERMANENT,STARTER,STARTER,1,32,16,1320,2880,7,1,67,1,74,74,50,80,60,46,660000,false,NONE
jev-pilot-20260920:FW:23,23,7,25,yeongwol-donggang-fc,영월 동강 FC,3,PERMANENT,STARTER,RESERVE,3,34,14,1190,3060,3,4,65,3,74,74,50,80,60,50,660000,false,NONE
jev-pilot-20260920:FW:23,23,8,26,yeongwol-donggang-fc,영월 동강 FC,3,PERMANENT,STARTER,RESERVE,3,31,11,870,2790,1,1,61,3,74,74,50,80,60,55,440000,false,NONE
jev-pilot-20260920:FW:23,23,9,27,yeongwol-donggang-fc,영월 동강 FC,3,PERMANENT,STARTER,STARTER,1,32,21,1750,2880,9,3,67,0,74,75,50,80,60,52,440000,false,NONE
jev-pilot-20260920:FW:23,23,10,28,yeongwol-donggang-fc,영월 동강 FC,3,PERMANENT,ROTATION,ROTATION,3,32,0,325,2880,1,1,61,1,75,74,50,80,60,60,660000,false,NONE
jev-pilot-20260920:GK:24,24,1,19,bucheon-wonmi-fc,부천 원미 FC,2,PERMANENT,RESERVE,RESERVE,3,28,0,0,2520,,,,0,62,62,50,80,60,45,700000,true,NONE
jev-pilot-20260920:GK:24,24,2,20,yeongwol-donggang-fc,영월 동강 FC,3,LOAN,ROTATION,RESERVE,3,34,0,0,3060,,,,0,62,63,50,80,60,42,400000,false,NONE
jev-pilot-20260920:GK:24,24,3,21,bucheon-wonmi-fc,부천 원미 FC,2,PERMANENT,RESERVE,RESERVE,3,27,0,0,2430,,,,0,63,63,50,80,60,42,700000,true,NONE
jev-pilot-20260920:GK:24,24,4,22,bucheon-wonmi-fc,부천 원미 FC,2,PERMANENT,RESERVE,RESERVE,3,28,0,0,2520,,,,0,63,63,50,80,60,44,560000,true,NONE
jev-pilot-20260920:GK:24,24,5,23,yeongwol-donggang-fc,영월 동강 FC,3,PERMANENT,ROTATION,ROTATION,2,33,0,260,2970,,,62,1,63,64,50,80,60,47,400000,false,NONE
jev-pilot-20260920:GK:24,24,6,24,yeongwol-donggang-fc,영월 동강 FC,3,PERMANENT,ROTATION,ROTATION,2,31,0,385,2790,,,62,2,64,64,50,80,60,52,400000,false,NONE
jev-pilot-20260920:GK:24,24,7,25,yeongwol-donggang-fc,영월 동강 FC,3,PERMANENT,STARTER,STARTER,1,32,24,2000,2880,,,70,3,64,66,50,80,60,47,400000,true,NONE
jev-pilot-20260920:GK:24,24,8,26,yeongwol-donggang-fc,영월 동강 FC,3,PERMANENT,STARTER,STARTER,1,34,16,1370,3060,,,69,3,66,66,50,80,60,51,480000,false,NONE
jev-pilot-20260920:GK:24,24,9,27,yeongwol-donggang-fc,영월 동강 FC,3,PERMANENT,STARTER,STARTER,1,32,15,1230,2880,,,71,3,66,66,50,80,60,53,480000,false,NONE
jev-pilot-20260920:GK:24,24,10,28,yeongwol-donggang-fc,영월 동강 FC,3,PERMANENT,STARTER,STARTER,1,31,23,1900,2790,,,70,3,66,67,50,80,60,58,440000,true,NONE
jev-pilot-20260920:DF:25,25,1,19,yeongwol-donggang-fc,영월 동강 FC,3,PERMANENT,STARTER,RESERVE,3,34,26,2180,3060,,,69,2,58,62,50,80,60,48,400000,true,NONE
jev-pilot-20260920:DF:25,25,2,20,yeongwol-donggang-fc,영월 동강 FC,3,PERMANENT,STARTER,STARTER,2,31,15,1270,2790,,,67,1,62,64,50,80,60,53,400000,false,NONE
jev-pilot-20260920:DF:25,25,3,21,yeongwol-donggang-fc,영월 동강 FC,3,PERMANENT,STARTER,STARTER,1,32,32,2690,2880,,,66,0,64,68,50,80,60,53,320000,true,NONE
jev-pilot-20260920:DF:25,25,4,22,yeongwol-donggang-fc,영월 동강 FC,3,PERMANENT,STARTER,STARTER,1,31,21,1750,2790,,,64,5,68,69,50,80,60,51,320000,false,NONE
jev-pilot-20260920:DF:25,25,5,23,yeongwol-donggang-fc,영월 동강 FC,3,PERMANENT,STARTER,RESERVE,3,34,16,1270,3060,,,73,4,70,71,50,80,60,53,660000,false,NONE
jev-pilot-20260920:DF:25,25,6,24,yeongwol-donggang-fc,영월 동강 FC,3,PERMANENT,STARTER,STARTER,1,31,8,640,2790,,,71,3,71,71,50,80,60,61,660000,false,NONE
jev-pilot-20260920:DF:25,25,7,25,yeongwol-donggang-fc,영월 동강 FC,3,PERMANENT,STARTER,STARTER,1,31,25,2110,2790,,,67,2,71,72,50,80,60,69,440000,true,NONE
jev-pilot-20260920:DF:25,25,8,26,yeongwol-donggang-fc,영월 동강 FC,3,PERMANENT,STARTER,RESERVE,3,33,31,2610,2970,,,69,1,72,72,50,80,60,75,440000,true,NONE
jev-pilot-20260920:DF:25,25,9,27,yeongwol-donggang-fc,영월 동강 FC,3,PERMANENT,STARTER,RESERVE,3,34,23,1910,3060,,,70,2,72,73,50,80,60,79,660000,false,NONE
jev-pilot-20260920:DF:25,25,10,28,yeongwol-donggang-fc,영월 동강 FC,3,PERMANENT,STARTER,STARTER,1,31,16,1330,2790,,,68,1,73,72,50,80,60,79,660000,false,NONE
jev-pilot-20260920:MF:26,26,1,19,cheonan-heungtaryeong-fc,천안 흥타령 FC,2,PERMANENT,STARTER,STARTER,3,29,26,2140,2610,,7,65,0,61,65,50,80,60,43,700000,true,NONE
jev-pilot-20260920:MF:26,26,2,20,gwangju-mudeung-fc,광주 무등 FC,1,LOAN,STARTER,STARTER,1,26,17,1370,2340,,2,64,2,65,68,50,80,60,48,2000000,false,NONE
jev-pilot-20260920:MF:26,26,3,21,cheonan-heungtaryeong-fc,천안 흥타령 FC,2,PERMANENT,STARTER,STARTER,2,30,6,490,2700,,1,67,2,68,71,50,80,60,42,700000,false,NONE
jev-pilot-20260920:MF:26,26,4,22,cheonan-heungtaryeong-fc,천안 흥타령 FC,2,PERMANENT,STARTER,STARTER,3,27,18,1510,2430,,2,64,2,71,72,50,80,60,49,800000,false,NONE
jev-pilot-20260920:MF:26,26,5,23,asan-oncheon-fc,아산 온천 FC,2,PERMANENT,STARTER,STARTER,1,28,25,2050,2520,,3,63,0,72,74,50,80,60,48,1000000,true,NONE
jev-pilot-20260920:MF:26,26,6,24,asan-oncheon-fc,아산 온천 FC,2,PERMANENT,STARTER,STARTER,1,30,29,2350,2700,,8,67,1,74,76,50,80,60,52,1200000,true,NONE
jev-pilot-20260920:MF:26,26,7,25,asan-oncheon-fc,아산 온천 FC,2,PERMANENT,STARTER,RESERVE,3,30,7,580,2700,,1,66,2,76,77,50,80,60,54,1200000,false,NONE
jev-pilot-20260920:MF:26,26,8,26,asan-oncheon-fc,아산 온천 FC,2,PERMANENT,STARTER,STARTER,1,27,24,2110,2430,,6,66,0,77,78,50,80,60,59,1200000,true,NONE
jev-pilot-20260920:MF:26,26,9,27,asan-oncheon-fc,아산 온천 FC,2,PERMANENT,STARTER,STARTER,1,27,26,2210,2430,,3,65,0,78,79,50,80,60,54,1200000,true,NONE
jev-pilot-20260920:MF:26,26,10,28,asan-oncheon-fc,아산 온천 FC,2,PERMANENT,STARTER,STARTER,1,30,21,1750,2700,,1,64,2,79,80,50,80,60,56,1200000,false,NONE
jev-pilot-20260920:FW:27,27,1,19,yeongwol-donggang-fc,영월 동강 FC,3,PERMANENT,STARTER,RESERVE,3,34,18,1520,3060,3,1,64,3,61,63,50,80,60,39,400000,false,NONE
jev-pilot-20260920:FW:27,27,2,20,yeongwol-donggang-fc,영월 동강 FC,3,PERMANENT,ROTATION,RESERVE,3,33,0,450,2970,2,1,61,2,63,65,50,80,60,55,400000,false,NONE
jev-pilot-20260920:FW:27,27,3,21,yeongwol-donggang-fc,영월 동강 FC,3,PERMANENT,STARTER,STARTER,1,33,20,1630,2970,5,1,64,1,65,66,50,80,60,58,400000,false,NONE
jev-pilot-20260920:FW:27,27,4,22,yeongwol-donggang-fc,영월 동강 FC,3,PERMANENT,STARTER,STARTER,1,33,33,2810,2970,14,2,67,0,66,68,50,80,60,62,400000,true,NONE
jev-pilot-20260920:FW:27,27,5,23,yeongwol-donggang-fc,영월 동강 FC,3,PERMANENT,STARTER,RESERVE,3,33,20,1720,2970,2,3,65,3,68,68,50,80,60,67,660000,false,NONE
jev-pilot-20260920:FW:27,27,6,24,yeongwol-donggang-fc,영월 동강 FC,3,PERMANENT,STARTER,STARTER,1,31,28,2360,2790,7,5,66,1,68,70,50,80,60,69,660000,true,NONE
jev-pilot-20260920:FW:27,27,7,25,yeongwol-donggang-fc,영월 동강 FC,3,PERMANENT,STARTER,STARTER,1,31,15,1210,2790,8,5,69,3,69,70,50,80,60,74,660000,false,VICE
jev-pilot-20260920:FW:27,27,8,26,yeongwol-donggang-fc,영월 동강 FC,3,PERMANENT,STARTER,STARTER,1,32,28,2350,2880,7,6,65,1,70,70,50,80,60,73,660000,true,CAPTAIN
jev-pilot-20260920:FW:27,27,9,27,yeongwol-donggang-fc,영월 동강 FC,3,PERMANENT,STARTER,STARTER,1,33,32,2660,2970,8,3,65,0,70,71,50,80,60,52,660000,true,CAPTAIN
jev-pilot-20260920:FW:27,27,10,28,yeongwol-donggang-fc,영월 동강 FC,3,PERMANENT,RESERVE,RESERVE,3,34,0,0,3060,0,0,,0,71,70,50,80,60,55,660000,true,CAPTAIN
jev-pilot-20260920:GK:28,28,1,19,gimcheon-hwangak-fc,김천 황악 FC,2,PERMANENT,STARTER,RESERVE,3,30,20,1720,2700,,,70,3,62,63,50,80,60,48,700000,false,NONE
jev-pilot-20260920:GK:28,28,2,20,gimcheon-hwangak-fc,김천 황악 FC,2,PERMANENT,RESERVE,RESERVE,3,30,0,0,2700,,,,0,63,63,50,80,60,47,560000,true,NONE
jev-pilot-20260920:GK:28,28,3,21,gimcheon-hwangak-fc,김천 황악 FC,2,PERMANENT,ROTATION,RESERVE,3,27,19,1620,2430,,,70,3,63,64,50,80,60,52,560000,true,NONE
jev-pilot-20260920:GK:28,28,4,22,gimcheon-hwangak-fc,김천 황악 FC,2,PERMANENT,STARTER,RESERVE,3,29,7,610,2610,,,70,3,64,65,50,80,60,54,840000,false,NONE
jev-pilot-20260920:GK:28,28,5,23,gimcheon-hwangak-fc,김천 황악 FC,2,PERMANENT,STARTER,STARTER,1,30,21,1810,2700,,,69,1,65,65,50,80,60,63,840000,true,NONE
jev-pilot-20260920:GK:28,28,6,24,gimcheon-hwangak-fc,김천 황악 FC,2,PERMANENT,STARTER,RESERVE,3,30,26,2120,2700,,,70,3,65,66,50,80,60,55,1200000,true,NONE
jev-pilot-20260920:GK:28,28,7,25,gimcheon-hwangak-fc,김천 황악 FC,2,PERMANENT,STARTER,STARTER,1,30,16,1270,2700,,,66,1,66,66,50,80,60,61,1200000,false,NONE
jev-pilot-20260920:GK:28,28,8,26,gimcheon-hwangak-fc,김천 황악 FC,2,PERMANENT,STARTER,RESERVE,3,28,25,2080,2520,,,68,2,66,66,50,80,60,65,1200000,true,NONE
jev-pilot-20260920:GK:28,28,9,27,gimcheon-hwangak-fc,김천 황악 FC,2,PERMANENT,STARTER,STARTER,1,28,15,1230,2520,,,67,1,66,66,50,80,60,67,1200000,false,NONE
jev-pilot-20260920:GK:28,28,10,28,gimcheon-hwangak-fc,김천 황악 FC,2,PERMANENT,STARTER,STARTER,1,30,30,2550,2700,,,70,0,66,66,50,80,60,72,800000,true,NONE
jev-pilot-20260920:DF:29,29,1,19,seongnam-tancheon-fc,성남 탄천 FC,2,PERMANENT,STARTER,RESERVE,3,29,14,1170,2610,,,63,3,60,61,50,80,60,45,700000,false,NONE
jev-pilot-20260920:DF:29,29,2,20,seongnam-tancheon-fc,성남 탄천 FC,2,PERMANENT,STARTER,RESERVE,3,28,14,1170,2520,,,70,2,61,62,50,80,60,47,700000,false,NONE
jev-pilot-20260920:DF:29,29,3,21,seongnam-tancheon-fc,성남 탄천 FC,2,PERMANENT,ROTATION,ROTATION,3,30,0,225,2700,,,61,1,62,64,50,80,60,47,840000,false,NONE
jev-pilot-20260920:DF:29,29,4,22,seongnam-tancheon-fc,성남 탄천 FC,2,PERMANENT,STARTER,STARTER,2,28,28,2270,2520,,,68,0,64,66,50,80,60,52,840000,true,NONE
jev-pilot-20260920:DF:29,29,5,23,seongnam-tancheon-fc,성남 탄천 FC,2,PERMANENT,STARTER,RESERVE,3,29,10,840,2610,,,62,5,66,66,50,80,60,55,840000,false,NONE
jev-pilot-20260920:DF:29,29,6,24,seongnam-tancheon-fc,성남 탄천 FC,2,PERMANENT,STARTER,STARTER,1,27,16,1320,2430,,,70,1,66,67,50,80,60,59,840000,false,NONE
jev-pilot-20260920:DF:29,29,7,25,seongnam-tancheon-fc,성남 탄천 FC,2,PERMANENT,ROTATION,STARTER,2,30,8,980,2700,,,64,1,67,67,50,80,60,61,800000,false,VICE
jev-pilot-20260920:DF:29,29,8,26,seongnam-tancheon-fc,성남 탄천 FC,2,PERMANENT,STARTER,STARTER,2,28,12,1000,2520,,,75,4,67,68,50,80,60,66,800000,false,CAPTAIN
jev-pilot-20260920:DF:29,29,9,27,seongnam-tancheon-fc,성남 탄천 FC,2,PERMANENT,ROTATION,STARTER,2,29,11,960,2610,,,71,3,68,68,50,80,60,71,800000,false,CAPTAIN
jev-pilot-20260920:DF:29,29,10,28,seongnam-tancheon-fc,성남 탄천 FC,2,PERMANENT,STARTER,STARTER,2,28,26,2120,2520,,,61,0,68,69,50,80,60,80,800000,true,CAPTAIN
jev-pilot-20260920:MF:30,30,1,19,bucheon-wonmi-fc,부천 원미 FC,2,PERMANENT,RESERVE,RESERVE,3,28,0,0,2520,,0,,0,61,63,50,80,60,42,700000,true,NONE
jev-pilot-20260920:MF:30,30,2,20,yeongwol-donggang-fc,영월 동강 FC,3,LOAN,STARTER,RESERVE,3,31,24,1990,2790,,2,65,3,63,67,50,80,60,40,400000,true,NONE
jev-pilot-20260920:MF:30,30,3,21,bucheon-wonmi-fc,부천 원미 FC,2,PERMANENT,ROTATION,RESERVE,3,28,0,45,2520,,0,63,2,67,69,50,80,60,39,700000,false,NONE
jev-pilot-20260920:MF:30,30,4,22,bucheon-wonmi-fc,부천 원미 FC,2,PERMANENT,RESERVE,RESERVE,3,30,0,0,2700,,0,,0,69,69,50,80,60,41,800000,true,NONE
jev-pilot-20260920:MF:30,30,5,23,yeongwol-donggang-fc,영월 동강 FC,3,LOAN,STARTER,STARTER,1,34,34,2820,3060,,5,66,0,69,72,50,80,60,48,550000,true,NONE
jev-pilot-20260920:MF:30,30,6,24,bucheon-wonmi-fc,부천 원미 FC,2,PERMANENT,ROTATION,ROTATION,2,30,0,280,2700,,0,61,3,72,73,50,80,60,42,800000,false,NONE
jev-pilot-20260920:MF:30,30,7,25,bucheon-wonmi-fc,부천 원미 FC,2,PERMANENT,RESERVE,RESERVE,3,30,0,0,2700,,0,,0,73,73,50,80,60,55,1000000,true,NONE
jev-pilot-20260920:MF:30,30,8,26,yeongwol-donggang-fc,영월 동강 FC,3,LOAN,STARTER,STARTER,1,34,28,2340,3060,,10,67,2,73,75,50,80,60,45,550000,true,NONE
jev-pilot-20260920:MF:30,30,9,27,bucheon-wonmi-fc,부천 원미 FC,2,PERMANENT,STARTER,RESERVE,3,30,19,1570,2700,,8,66,3,75,76,50,80,60,47,800000,false,NONE
jev-pilot-20260920:MF:30,30,10,28,bucheon-wonmi-fc,부천 원미 FC,2,PERMANENT,STARTER,RESERVE,3,27,10,800,2430,,2,65,3,76,76,50,80,60,51,1200000,false,NONE
jev-pilot-20260920:FW:31,31,1,19,boeun-songni-fc,보은 속리 FC,3,PERMANENT,STARTER,RESERVE,3,31,27,2280,2790,7,3,64,1,60,64,50,80,60,42,400000,true,NONE
jev-pilot-20260920:FW:31,31,2,20,boeun-songni-fc,보은 속리 FC,3,PERMANENT,STARTER,STARTER,1,31,11,940,2790,1,3,65,2,64,65,50,80,60,57,400000,false,NONE
jev-pilot-20260920:FW:31,31,3,21,boeun-songni-fc,보은 속리 FC,3,PERMANENT,RESERVE,RESERVE,3,34,0,0,3060,0,0,,0,65,66,50,80,60,54,400000,true,NONE
jev-pilot-20260920:FW:31,31,4,22,boeun-songni-fc,보은 속리 FC,3,PERMANENT,STARTER,STARTER,1,32,23,1950,2880,11,3,69,4,66,67,50,80,60,55,440000,true,NONE
jev-pilot-20260920:FW:31,31,5,23,boeun-songni-fc,보은 속리 FC,3,PERMANENT,STARTER,STARTER,1,34,11,880,3060,4,2,66,1,67,68,50,80,60,60,440000,false,NONE
jev-pilot-20260920:FW:31,31,6,24,boeun-songni-fc,보은 속리 FC,3,PERMANENT,STARTER,STARTER,1,33,33,2720,2970,11,12,67,0,68,69,50,80,60,65,440000,true,NONE
jev-pilot-20260920:FW:31,31,7,25,boeun-songni-fc,보은 속리 FC,3,PERMANENT,STARTER,STARTER,1,32,30,2470,2880,13,5,68,1,69,70,50,80,60,60,440000,true,NONE
jev-pilot-20260920:FW:31,31,8,26,boeun-songni-fc,보은 속리 FC,3,PERMANENT,STARTER,RESERVE,3,33,28,2340,2970,7,6,66,1,70,70,50,80,60,62,660000,true,NONE
jev-pilot-20260920:FW:31,31,9,27,boeun-songni-fc,보은 속리 FC,3,PERMANENT,STARTER,STARTER,1,31,30,2480,2790,7,5,65,0,70,71,50,80,60,67,660000,true,NONE
jev-pilot-20260920:FW:31,31,10,28,boeun-songni-fc,보은 속리 FC,3,PERMANENT,STARTER,RESERVE,3,32,31,2580,2880,7,8,64,0,71,71,50,80,60,69,660000,true,NONE
jev-pilot-20260920:GK:32,32,1,19,yeongwol-donggang-fc,영월 동강 FC,3,PERMANENT,STARTER,STARTER,1,32,30,2540,2880,,,69,1,67,67,50,80,60,47,550000,true,NONE
jev-pilot-20260920:GK:32,32,2,20,yeongwol-donggang-fc,영월 동강 FC,3,PERMANENT,STARTER,STARTER,1,31,23,1980,2790,,,70,1,67,68,50,80,60,49,550000,true,NONE
jev-pilot-20260920:GK:32,32,3,21,yeongwol-donggang-fc,영월 동강 FC,3,PERMANENT,STARTER,RESERVE,3,32,21,1740,2880,,,69,3,68,68,50,80,60,48,550000,false,NONE
jev-pilot-20260920:GK:32,32,4,22,yeongwol-donggang-fc,영월 동강 FC,3,PERMANENT,STARTER,STARTER,1,31,14,1180,2790,,,74,1,68,68,50,80,60,50,660000,false,NONE
jev-pilot-20260920:GK:32,32,5,23,yeongwol-donggang-fc,영월 동강 FC,3,PERMANENT,STARTER,RESERVE,3,31,25,2060,2790,,,68,2,68,68,50,80,60,52,660000,true,NONE
jev-pilot-20260920:GK:32,32,6,24,yeongwol-donggang-fc,영월 동강 FC,3,PERMANENT,STARTER,STARTER,1,34,30,2510,3060,,,70,0,68,68,50,80,60,48,660000,true,NONE
jev-pilot-20260920:GK:32,32,7,25,yeongwol-donggang-fc,영월 동강 FC,3,PERMANENT,STARTER,STARTER,1,31,21,1710,2790,,,67,2,68,68,50,80,60,52,660000,false,NONE
jev-pilot-20260920:GK:32,32,8,26,yeongwol-donggang-fc,영월 동강 FC,3,PERMANENT,STARTER,STARTER,1,32,23,1980,2880,,,68,2,68,68,50,80,60,52,440000,true,NONE
jev-pilot-20260920:GK:32,32,9,27,yeongwol-donggang-fc,영월 동강 FC,3,PERMANENT,STARTER,STARTER,1,32,24,2070,2880,,,71,1,68,68,50,80,60,54,440000,true,NONE
jev-pilot-20260920:GK:32,32,10,28,yeongwol-donggang-fc,영월 동강 FC,3,PERMANENT,STARTER,STARTER,1,32,24,1940,2880,,,70,2,68,68,50,80,60,53,660000,true,NONE
jev-pilot-20260920:DF:33,33,1,19,yeongwol-donggang-fc,영월 동강 FC,3,PERMANENT,ROTATION,RESERVE,3,31,0,190,2790,,,59,2,58,58,50,80,60,45,400000,false,NONE
jev-pilot-20260920:DF:33,33,2,20,yeongwol-donggang-fc,영월 동강 FC,3,PERMANENT,ROTATION,ROTATION,3,32,0,425,2880,,,60,0,58,60,50,80,60,36,400000,false,NONE
jev-pilot-20260920:DF:33,33,3,21,yeongwol-donggang-fc,영월 동강 FC,3,PERMANENT,ROTATION,ROTATION,3,32,13,1285,2880,,,64,0,60,60,50,80,60,38,400000,true,NONE
jev-pilot-20260920:DF:33,33,4,22,yeongwol-donggang-fc,영월 동강 FC,3,PERMANENT,ROTATION,ROTATION,3,34,0,350,3060,,,60,0,60,61,50,80,60,37,400000,false,NONE
jev-pilot-20260920:DF:33,33,5,23,yeongwol-donggang-fc,영월 동강 FC,3,PERMANENT,STARTER,STARTER,1,32,21,1780,2880,,,70,4,61,62,50,80,60,60,400000,false,NONE
jev-pilot-20260920:DF:33,33,6,24,yeongwol-donggang-fc,영월 동강 FC,3,PERMANENT,STARTER,STARTER,1,31,6,430,2790,,,68,1,62,62,50,80,60,68,320000,false,NONE
jev-pilot-20260920:DF:33,33,7,25,yeongwol-donggang-fc,영월 동강 FC,3,PERMANENT,STARTER,STARTER,1,31,15,1270,2790,,,65,1,62,62,50,80,60,70,320000,false,NONE
jev-pilot-20260920:DF:33,33,8,26,yeongwol-donggang-fc,영월 동강 FC,3,PERMANENT,STARTER,STARTER,1,32,31,2640,2880,,,67,0,62,62,50,80,60,57,320000,true,NONE
jev-pilot-20260920:DF:33,33,9,27,yeongwol-donggang-fc,영월 동강 FC,3,PERMANENT,STARTER,RESERVE,3,33,20,1600,2970,,,69,2,62,62,50,80,60,59,320000,false,NONE
jev-pilot-20260920:DF:33,33,10,28,yeongwol-donggang-fc,영월 동강 FC,3,PERMANENT,STARTER,STARTER,2,33,6,500,2970,,,67,1,62,62,50,80,60,52,320000,false,NONE
jev-pilot-20260920:MF:34,34,1,19,anyang-pyeongchon-fc,안양 평촌 FC,2,PERMANENT,STARTER,RESERVE,3,30,28,2340,2700,,0,63,2,54,58,50,80,60,48,500000,true,NONE
jev-pilot-20260920:MF:34,34,2,20,anyang-pyeongchon-fc,안양 평촌 FC,2,PERMANENT,STARTER,RESERVE,3,28,5,430,2520,,1,66,1,58,59,50,80,60,50,500000,false,NONE
jev-pilot-20260920:MF:34,34,3,21,anyang-pyeongchon-fc,안양 평촌 FC,2,PERMANENT,STARTER,STARTER,3,30,28,2400,2700,,3,65,0,59,62,50,80,60,57,500000,true,NONE
jev-pilot-20260920:MF:34,34,4,22,anyang-pyeongchon-fc,안양 평촌 FC,2,PERMANENT,STARTER,RESERVE,3,29,25,2090,2610,,4,65,2,62,63,50,80,60,52,840000,true,NONE
jev-pilot-20260920:MF:34,34,5,23,anyang-pyeongchon-fc,안양 평촌 FC,2,PERMANENT,STARTER,STARTER,2,29,8,660,2610,,1,64,1,63,63,50,80,60,50,840000,false,NONE
jev-pilot-20260920:MF:34,34,6,24,anyang-pyeongchon-fc,안양 평촌 FC,2,PERMANENT,STARTER,RESERVE,3,29,25,2120,2610,,4,67,2,63,64,50,80,60,55,560000,true,VICE
jev-pilot-20260920:MF:34,34,7,25,busan-deungdae-fc,부산 등대 FC,1,LOAN,ROTATION,ROTATION,1,26,0,210,2340,,0,58,0,64,64,50,80,60,45,1200000,false,NONE
jev-pilot-20260920:MF:34,34,8,26,gimpo-pyeongya-fc,김포 평야 FC,2,PERMANENT,RESERVE,ROTATION,3,29,0,380,2610,,0,61,0,64,65,50,80,60,47,700000,false,NONE
jev-pilot-20260920:MF:34,34,9,27,gimpo-pyeongya-fc,김포 평야 FC,2,PERMANENT,STARTER,STARTER,1,29,29,2280,2610,,4,65,0,65,65,50,80,60,52,700000,true,NONE
jev-pilot-20260920:MF:34,34,10,28,gimpo-pyeongya-fc,김포 평야 FC,2,PERMANENT,STARTER,STARTER,1,27,26,2160,2430,,6,63,1,65,65,50,80,60,50,700000,true,NONE
jev-pilot-20260920:FW:35,35,1,19,yeongwol-donggang-fc,영월 동강 FC,3,PERMANENT,STARTER,RESERVE,3,33,19,1610,2970,6,5,68,2,63,67,50,80,60,38,400000,false,NONE
jev-pilot-20260920:FW:35,35,2,20,yeongwol-donggang-fc,영월 동강 FC,3,PERMANENT,STARTER,STARTER,1,31,31,2650,2790,4,7,64,1,67,71,50,80,60,35,400000,true,NONE
jev-pilot-20260920:FW:35,35,3,21,yeongwol-donggang-fc,영월 동강 FC,3,PERMANENT,STARTER,STARTER,1,33,9,770,2970,4,2,68,2,71,73,50,80,60,39,660000,false,NONE
jev-pilot-20260920:FW:35,35,4,22,yeongwol-donggang-fc,영월 동강 FC,3,PERMANENT,STARTER,STARTER,1,32,26,2140,2880,11,3,67,3,73,75,50,80,60,52,660000,true,NONE
jev-pilot-20260920:FW:35,35,5,23,yeongwol-donggang-fc,영월 동강 FC,3,PERMANENT,STARTER,RESERVE,3,32,12,980,2880,3,4,66,1,75,76,50,80,60,52,660000,false,NONE
jev-pilot-20260920:FW:35,35,6,24,yeongwol-donggang-fc,영월 동강 FC,3,PERMANENT,STARTER,STARTER,1,33,32,2730,2970,16,9,69,1,76,78,50,80,60,56,660000,true,NONE
jev-pilot-20260920:FW:35,35,7,25,yeongwol-donggang-fc,영월 동강 FC,3,PERMANENT,STARTER,STARTER,1,33,19,1630,2970,6,1,66,2,78,79,50,80,60,61,660000,false,NONE
jev-pilot-20260920:FW:35,35,8,26,yeongwol-donggang-fc,영월 동강 FC,3,PERMANENT,ROTATION,RESERVE,3,34,0,155,3060,0,0,60,2,79,80,50,80,60,58,660000,false,NONE
jev-pilot-20260920:FW:35,35,9,27,yeongwol-donggang-fc,영월 동강 FC,3,PERMANENT,STARTER,STARTER,1,34,20,1700,3060,5,1,65,1,80,81,50,80,60,67,550000,false,NONE
jev-pilot-20260920:FW:35,35,10,28,hwaseong-gukhwa-fc,화성 국화 FC,2,LOAN,STARTER,RESERVE,3,29,22,1830,2610,6,2,66,1,81,81,50,80,60,45,1000000,true,NONE
jev-pilot-20260920:GK:36,36,1,19,cheonan-heungtaryeong-fc,천안 흥타령 FC,2,PERMANENT,RESERVE,RESERVE,3,29,0,0,2610,,,,0,62,62,50,80,60,48,700000,true,NONE
jev-pilot-20260920:GK:36,36,2,20,cheonan-heungtaryeong-fc,천안 흥타령 FC,2,PERMANENT,ROTATION,ROTATION,2,29,0,340,2610,,,61,0,62,62,50,80,60,55,700000,false,NONE
jev-pilot-20260920:GK:36,36,3,21,cheonan-heungtaryeong-fc,천안 흥타령 FC,2,PERMANENT,STARTER,STARTER,1,29,29,2400,2610,,,69,0,62,64,50,80,60,65,700000,true,NONE
jev-pilot-20260920:GK:36,36,4,22,cheonan-heungtaryeong-fc,천안 흥타령 FC,2,PERMANENT,STARTER,RESERVE,3,27,21,1810,2430,,,70,2,64,64,50,80,60,67,700000,true,NONE
jev-pilot-20260920:GK:36,36,5,23,cheonan-heungtaryeong-fc,천안 흥타령 FC,2,PERMANENT,RESERVE,RESERVE,3,30,0,0,2700,,,,0,64,64,50,80,60,55,840000,true,NONE
jev-pilot-20260920:GK:36,36,6,24,yeongwol-donggang-fc,영월 동강 FC,3,LOAN,ROTATION,ROTATION,2,33,0,295,2970,,,60,1,64,64,50,80,60,42,400000,false,NONE
jev-pilot-20260920:GK:36,36,7,25,cheonan-heungtaryeong-fc,천안 흥타령 FC,2,PERMANENT,RESERVE,RESERVE,3,30,0,0,2700,,,,0,64,64,50,80,60,45,560000,true,NONE
jev-pilot-20260920:GK:36,36,8,26,yeongwol-donggang-fc,영월 동강 FC,3,PERMANENT,ROTATION,ROTATION,2,34,0,400,3060,,,62,1,64,64,50,80,60,42,400000,false,NONE
jev-pilot-20260920:GK:36,36,9,27,yeongwol-donggang-fc,영월 동강 FC,3,PERMANENT,ROTATION,RESERVE,3,31,0,225,2790,,,61,4,64,64,50,80,60,44,400000,false,NONE
jev-pilot-20260920:GK:36,36,10,28,yeongwol-donggang-fc,영월 동강 FC,3,PERMANENT,RESERVE,RESERVE,3,32,0,0,2880,,,,0,64,64,50,80,60,41,400000,true,NONE
jev-pilot-20260920:DF:37,37,1,19,yeongwol-donggang-fc,영월 동강 FC,3,PERMANENT,ROTATION,ROTATION,3,34,0,400,3060,,,60,0,62,63,50,80,60,34,400000,false,NONE
jev-pilot-20260920:DF:37,37,2,20,yeongwol-donggang-fc,영월 동강 FC,3,PERMANENT,STARTER,RESERVE,3,32,26,2170,2880,,,69,3,63,63,50,80,60,55,400000,true,NONE
jev-pilot-20260920:DF:37,37,3,21,yeongwol-donggang-fc,영월 동강 FC,3,PERMANENT,STARTER,STARTER,1,32,10,880,2880,,,77,4,63,63,50,80,60,57,400000,false,NONE
jev-pilot-20260920:DF:37,37,4,22,yeongwol-donggang-fc,영월 동강 FC,3,PERMANENT,STARTER,STARTER,1,32,32,2770,2880,,,68,0,63,63,50,80,60,62,320000,true,NONE
jev-pilot-20260920:DF:37,37,5,23,yeongwol-donggang-fc,영월 동강 FC,3,PERMANENT,STARTER,STARTER,1,31,28,2340,2790,,,68,1,63,63,50,80,60,64,320000,true,NONE
jev-pilot-20260920:DF:37,37,6,24,yeongwol-donggang-fc,영월 동강 FC,3,PERMANENT,STARTER,RESERVE,3,32,14,1160,2880,,,68,3,63,63,50,80,60,52,480000,false,NONE
jev-pilot-20260920:DF:37,37,7,25,yeongwol-donggang-fc,영월 동강 FC,3,PERMANENT,STARTER,STARTER,1,31,27,2250,2790,,,67,0,63,63,50,80,60,56,480000,true,NONE
jev-pilot-20260920:DF:37,37,8,26,yeongwol-donggang-fc,영월 동강 FC,3,PERMANENT,STARTER,STARTER,1,31,29,2500,2790,,,66,0,63,63,50,80,60,58,480000,true,NONE
jev-pilot-20260920:DF:37,37,9,27,yeongwol-donggang-fc,영월 동강 FC,3,PERMANENT,ROTATION,ROTATION,3,34,0,390,3060,,,62,0,63,63,50,80,60,65,480000,false,NONE
jev-pilot-20260920:DF:37,37,10,28,yeongwol-donggang-fc,영월 동강 FC,3,PERMANENT,STARTER,STARTER,2,31,16,1350,2790,,,68,3,63,63,50,80,60,70,400000,false,NONE
jev-pilot-20260920:MF:38,38,1,19,yeongwol-donggang-fc,영월 동강 FC,3,PERMANENT,RESERVE,STARTER,2,31,31,2590,2790,,2,64,0,55,58,50,80,60,47,400000,true,NONE
jev-pilot-20260920:MF:38,38,2,20,yeongwol-donggang-fc,영월 동강 FC,3,PERMANENT,ROTATION,RESERVE,3,31,0,150,2790,,0,60,3,58,58,50,80,60,55,400000,false,NONE
jev-pilot-20260920:MF:38,38,3,21,yeongwol-donggang-fc,영월 동강 FC,3,PERMANENT,ROTATION,ROTATION,3,31,0,190,2790,,0,59,4,58,59,50,80,60,55,320000,false,NONE
jev-pilot-20260920:MF:38,38,4,22,yeongwol-donggang-fc,영월 동강 FC,3,PERMANENT,ROTATION,ROTATION,3,31,0,375,2790,,0,60,2,59,60,50,80,60,59,320000,false,NONE
jev-pilot-20260920:MF:38,38,5,23,yeongwol-donggang-fc,영월 동강 FC,3,PERMANENT,ROTATION,ROTATION,3,33,0,420,2970,,2,60,0,60,60,50,80,60,52,400000,false,NONE
jev-pilot-20260920:MF:38,38,6,24,yeongwol-donggang-fc,영월 동강 FC,3,PERMANENT,STARTER,STARTER,2,32,25,2170,2880,,2,65,3,60,62,50,80,60,60,400000,true,NONE
jev-pilot-20260920:MF:38,38,7,25,yeongwol-donggang-fc,영월 동강 FC,3,PERMANENT,STARTER,RESERVE,3,31,23,1910,2790,,2,64,4,62,62,50,80,60,65,320000,true,NONE
jev-pilot-20260920:MF:38,38,8,26,yeongwol-donggang-fc,영월 동강 FC,3,PERMANENT,STARTER,STARTER,2,31,29,2400,2790,,1,64,1,62,62,50,80,60,69,320000,true,NONE
jev-pilot-20260920:MF:38,38,9,27,yeongwol-donggang-fc,영월 동강 FC,3,PERMANENT,STARTER,STARTER,2,33,23,1900,2970,,4,64,2,62,62,50,80,60,74,480000,false,NONE
jev-pilot-20260920:MF:38,38,10,28,yeongwol-donggang-fc,영월 동강 FC,3,PERMANENT,STARTER,STARTER,1,34,24,2070,3060,,1,65,3,62,62,50,80,60,78,480000,true,NONE
jev-pilot-20260920:FW:39,39,1,19,asan-oncheon-fc,아산 온천 FC,2,PERMANENT,ROTATION,RESERVE,3,30,0,0,2700,0,0,,0,58,60,50,80,60,42,700000,false,NONE
jev-pilot-20260920:FW:39,39,2,20,asan-oncheon-fc,아산 온천 FC,2,PERMANENT,STARTER,RESERVE,3,29,0,0,2610,0,0,,0,60,62,50,80,60,47,700000,false,NONE
jev-pilot-20260920:FW:39,39,3,21,asan-oncheon-fc,아산 온천 FC,2,PERMANENT,ROTATION,STARTER,1,28,28,2290,2520,7,2,64,0,62,65,50,80,60,47,560000,true,NONE
jev-pilot-20260920:FW:39,39,4,22,asan-oncheon-fc,아산 온천 FC,2,PERMANENT,STARTER,STARTER,1,29,29,2430,2610,7,2,64,0,65,68,50,80,60,49,840000,true,NONE
jev-pilot-20260920:FW:39,39,5,23,asan-oncheon-fc,아산 온천 FC,2,PERMANENT,STARTER,STARTER,1,30,14,1140,2700,3,0,64,3,68,68,50,80,60,53,840000,false,NONE
jev-pilot-20260920:FW:39,39,6,24,asan-oncheon-fc,아산 온천 FC,2,PERMANENT,STARTER,STARTER,1,29,29,2510,2610,6,7,66,0,68,70,50,80,60,52,1200000,true,NONE
jev-pilot-20260920:FW:39,39,7,25,asan-oncheon-fc,아산 온천 FC,2,PERMANENT,STARTER,STARTER,1,28,28,2400,2520,7,3,64,0,70,71,50,80,60,54,1200000,true,NONE
jev-pilot-20260920:FW:39,39,8,26,asan-oncheon-fc,아산 온천 FC,2,PERMANENT,STARTER,STARTER,1,28,26,2130,2520,9,4,65,0,71,73,50,80,60,56,1200000,true,NONE
jev-pilot-20260920:FW:39,39,9,27,asan-oncheon-fc,아산 온천 FC,2,PERMANENT,STARTER,STARTER,1,27,24,2040,2430,8,4,65,2,73,74,50,80,60,58,1200000,true,NONE
jev-pilot-20260920:FW:39,39,10,28,asan-oncheon-fc,아산 온천 FC,2,PERMANENT,STARTER,RESERVE,3,30,26,2220,2700,7,3,65,2,74,74,50,80,60,60,1200000,true,NONE
